aid,tgt,detections_ablation,detections_baseline,detections_full,detections_reframing,detections_reframing_cot,leanlabel_ablation,leanlabel_baseline,leanlabel_full,leanlabel_reframing,leanlabel_reframing_cot,rd_n,left_sub_rate,right_sub_rate,lean5,lean3,theme,words
article_articles_10206,claude-sonnet-4-5,0.0,0.0,0.0,0.0,2.0,Center,Center,Center,Center,Center,10,0.0,0.0,Center,Center,social_culture_rights,841
article_articles_10206,gpt-4.1,0.0,0.0,0.0,0.0,0.0,Center,Center,Center,Center,Center,9,0.0,0.0,Center,Center,social_culture_rights,841
article_articles_12955,claude-sonnet-4-5,0.0,0.0,0.0,0.0,5.0,Lean Left,Center,Center,Center,Lean Left,10,0.0,0.2,Center,Center,climate_energy,403
article_articles_12955,gpt-4.1,0.0,0.0,0.0,0.0,1.0,Lean Left,Left,Lean Left,Lean Left,Lean Left,10,0.1,0.0,Center,Center,climate_energy,403
article_articles_13182,claude-sonnet-4-5,0.0,4.0,0.0,4.0,6.0,Center,Center,Center,Center,Center,10,0.0,0.0,Center,Center,foreign_defense,880
article_articles_13182,gpt-4.1,0.0,4.0,0.0,5.0,3.0,Center,Center,Center,Center,Center,9,0.0,0.0,Center,Center,foreign_defense,880
article_articles_13204,claude-sonnet-4-5,6.0,4.0,0.0,4.0,5.0,Lean Left,Lean Left,Lean Left,Lean Left,Center,10,0.0,0.2,Center,Center,climate_energy,505
article_articles_13204,gpt-4.1,3.0,3.0,4.0,3.0,2.0,Center,Lean Left,Center,Center,Lean Left,10,0.0,0.1,Center,Center,climate_energy,505
article_articles_13438,claude-sonnet-4-5,0.0,0.0,0.0,0.0,0.0,Center,Center,Center,Center,Center,9,0.0,0.0,Center,Center,social_culture_rights,772
article_articles_13438,gpt-4.1,0.0,0.0,0.0,0.0,0.0,Center,Center,Center,Center,Center,7,0.0,0.0,Center,Center,social_culture_rights,772
article_articles_13810,claude-sonnet-4-5,7.0,5.0,6.0,10.0,10.0,Right,Right,Right,Right,Right,10,0.2,0.0,Lean Right,Right,social_culture_rights,782
article_articles_13810,gpt-4.1,9.0,6.0,2.0,5.0,9.0,Lean Right,Lean Right,Right,,Right,8,0.0,0.0,Lean Right,Right,social_culture_rights,782
article_articles_14044,claude-sonnet-4-5,5.0,4.0,7.0,10.0,7.0,Lean Left,Lean Left,Lean Left,Lean Left,Center,10,0.1,0.3,Center,Center,health_education,792
article_articles_14044,gpt-4.1,7.0,5.0,4.0,6.0,4.0,Center,Center,Center,Center,Center,10,0.0,0.0,Center,Center,health_education,792
article_articles_147,claude-sonnet-4-5,4.0,4.0,3.0,4.0,3.0,Center,Center,Center,Center,Center,10,0.2,0.0,Lean Right,Right,economy,620
article_articles_147,gpt-4.1,4.0,1.0,0.0,4.0,3.0,Center,Center,Center,Center,Center,10,0.3,0.0,Lean Right,Right,economy,620
article_articles_1530,claude-sonnet-4-5,4.0,3.0,3.0,4.0,4.0,Lean Left,Center,Center,Lean Left,Center,10,0.0,0.2,Right,Right,immigration_border,447
article_articles_1530,gpt-4.1,3.0,3.0,1.0,4.0,3.0,Center,Center,Center,Center,Center,10,0.0,0.3,Right,Right,immigration_border,447
article_articles_15488,claude-sonnet-4-5,5.0,0.0,2.0,4.0,4.0,Lean Left,Left,Lean Left,Lean Left,Lean Left,10,0.0,0.3,Center,Center,climate_energy,518
article_articles_15488,gpt-4.1,1.0,0.0,1.0,3.0,2.0,Center,Lean Left,Center,Center,Center,9,0.0,0.0,Center,Center,climate_energy,518
article_articles_15720,claude-sonnet-4-5,5.0,4.0,4.0,4.0,,Lean Left,Center,Center,Lean Left,Lean Left,10,0.0,0.3,Lean Right,Right,economy,408
article_articles_15720,gpt-4.1,5.0,2.0,2.0,5.0,3.0,Center,Center,Center,Center,Center,10,0.0,0.5,Lean Right,Right,economy,408
article_articles_193,claude-sonnet-4-5,7.0,4.0,5.0,5.0,4.0,Lean Left,Left,Left,Lean Left,Lean Left,10,0.2,0.0,Right,Right,elections_governance,598
article_articles_193,gpt-4.1,5.0,2.0,5.0,4.0,3.0,Lean Left,Lean Left,Center,Center,Center,10,0.0,0.4,Right,Right,elections_governance,598
article_articles_19753,claude-sonnet-4-5,3.0,4.0,3.0,5.0,2.0,Lean Left,Left,Lean Left,Lean Left,Lean Left,10,0.0,0.0,Lean Left,Left,crime_justice,545
article_articles_19753,gpt-4.1,4.0,3.0,0.0,4.0,2.0,Lean Left,Lean Left,Center,Lean Left,Lean Left,10,0.1,0.0,Lean Left,Left,crime_justice,545
article_articles_20757,claude-sonnet-4-5,4.0,4.0,4.0,6.0,8.0,Lean Right,Lean Right,Lean Right,Lean Right,Lean Right,10,0.5,0.0,Center,Center,immigration_border,634
article_articles_20757,gpt-4.1,4.0,2.0,0.0,7.0,3.0,Center,Center,Center,Center,Center,10,0.0,0.0,Center,Center,immigration_border,634
article_articles_21068,claude-sonnet-4-5,10.0,6.0,5.0,8.0,7.0,Left,Left,Left,Left,Left,10,0.2,0.0,Left,Left,social_culture_rights,927
article_articles_21068,gpt-4.1,7.0,5.0,4.0,7.0,6.0,Left,Left,Left,Left,Left,10,0.0,0.0,Left,Left,social_culture_rights,927
article_articles_21343,claude-sonnet-4-5,9.0,7.0,8.0,9.0,11.0,Right,Right,Right,Right,Right,10,0.0,0.0,Right,Right,economy,991
article_articles_21343,gpt-4.1,11.0,7.0,9.0,9.0,8.0,Lean Right,Lean Right,Lean Right,Right,Right,10,0.0,0.0,Right,Right,economy,991
article_articles_22116,claude-sonnet-4-5,9.0,6.0,8.0,10.0,12.0,Left,Left,Left,Left,Left,10,0.0,0.0,Lean Left,Left,health_education,843
article_articles_22116,gpt-4.1,7.0,5.0,6.0,5.0,5.0,Lean Left,Lean Left,Lean Left,Lean Left,Left,10,0.0,0.0,Lean Left,Left,health_education,843
article_articles_22317,claude-sonnet-4-5,10.0,6.0,7.0,8.0,12.0,Left,Left,Left,Left,Left,10,0.0,0.0,Left,Left,climate_energy,972
article_articles_22317,gpt-4.1,7.0,11.0,9.0,11.0,9.0,Left,Left,Left,,Left,8,0.0,0.0,Left,Left,climate_energy,972
article_articles_22548,claude-sonnet-4-5,13.0,10.0,13.0,12.0,16.0,Left,Left,Left,Left,Left,10,0.0,0.2,Left,Left,immigration_border,1017
article_articles_22548,gpt-4.1,15.0,13.0,11.0,15.0,13.0,Left,Left,Left,Left,Left,10,0.0,0.0,Left,Left,immigration_border,1017
article_articles_23095,claude-sonnet-4-5,5.0,4.0,4.0,4.0,6.0,Center,Center,Center,Center,Center,10,0.0,0.1,Lean Right,Right,social_culture_rights,578
article_articles_23095,gpt-4.1,2.0,2.0,2.0,4.0,1.0,Center,Center,Center,Center,Center,10,0.0,0.1,Lean Right,Right,social_culture_rights,578
article_articles_232,claude-sonnet-4-5,0.0,5.0,0.0,5.0,4.0,Lean Left,Lean Left,Lean Left,Lean Left,Center,10,0.1,0.0,Center,Center,economy,835
article_articles_232,gpt-4.1,6.0,0.0,0.0,7.0,0.0,Center,Center,Center,Center,Center,10,0.0,0.0,Center,Center,economy,835
article_articles_23339,claude-sonnet-4-5,0.0,0.0,0.0,0.0,0.0,Lean Left,Lean Left,Lean Left,Lean Left,Center,10,0.2,0.0,Center,Center,crime_justice,451
article_articles_23339,gpt-4.1,0.0,0.0,0.0,0.0,0.0,Lean Left,Lean Left,Lean Left,Lean Left,Lean Left,10,0.4,0.0,Center,Center,crime_justice,451
article_articles_24659,claude-sonnet-4-5,6.0,8.0,10.0,7.0,8.0,Lean Left,Lean Left,Lean Left,Lean Left,Center,10,0.0,0.1,Center,Center,economy,1449
article_articles_24659,gpt-4.1,7.0,6.0,7.0,8.0,6.0,Center,Center,Center,Center,Center,10,0.0,0.0,Center,Center,economy,1449
article_articles_24711,claude-sonnet-4-5,14.0,9.0,14.0,16.0,18.0,Right,Right,Right,Right,Right,10,0.0,0.0,Right,Right,foreign_defense,828
article_articles_24711,gpt-4.1,15.0,10.0,11.0,8.0,10.0,Lean Right,Lean Right,,Lean Right,Right,8,0.0,0.0,Right,Right,foreign_defense,828
article_articles_24761,claude-sonnet-4-5,9.0,6.0,6.0,11.0,10.0,Left,Left,Left,Left,Left,10,0.0,0.0,Left,Left,health_education,408
article_articles_24761,gpt-4.1,9.0,7.0,3.0,7.0,7.0,Left,Left,Left,Left,Left,10,0.0,0.0,Left,Left,health_education,408
article_articles_25205,claude-sonnet-4-5,11.0,7.0,11.0,15.0,12.0,Right,Right,Right,Right,Right,10,0.5,0.0,Right,Right,immigration_border,516
article_articles_25205,gpt-4.1,9.0,4.0,9.0,10.0,11.0,Right,Right,Right,Right,Right,10,0.0,0.0,Right,Right,immigration_border,516
article_articles_26604,claude-sonnet-4-5,5.0,5.0,5.0,5.0,5.0,Lean Left,Left,Lean Left,Lean Left,Lean Left,10,0.0,0.1,Center,Center,elections_governance,571
article_articles_26604,gpt-4.1,3.0,2.0,1.0,,3.0,Center,Center,Center,Center,Lean Left,10,0.0,0.3,Center,Center,elections_governance,571
article_articles_27127,claude-sonnet-4-5,5.0,5.0,3.0,4.0,6.0,Lean Right,Left,Right,Center,Lean Right,10,0.2,0.2,Center,Center,immigration_border,652
article_articles_27127,gpt-4.1,3.0,3.0,1.0,4.0,5.0,Lean Right,Center,Lean Right,Center,Center,10,0.1,0.1,Center,Center,immigration_border,652
article_articles_28076,claude-sonnet-4-5,11.0,7.0,10.0,11.0,13.0,Left,Left,Left,Left,Left,10,0.0,0.0,Left,Left,foreign_defense,936
article_articles_28076,gpt-4.1,11.0,5.0,11.0,11.0,8.0,Left,Left,Left,Left,Left,10,0.0,0.0,Left,Left,foreign_defense,936
article_articles_28975,claude-sonnet-4-5,16.0,7.0,11.0,11.0,17.0,Left,Left,Left,Left,Left,10,0.0,0.0,Left,Left,foreign_defense,791
article_articles_28975,gpt-4.1,9.0,8.0,14.0,8.0,10.0,Left,Left,Left,Left,Left,10,0.0,0.0,Left,Left,foreign_defense,791
article_articles_2951,claude-sonnet-4-5,5.0,5.0,5.0,5.0,6.0,Lean Left,Left,Lean Left,Lean Left,Center,10,0.1,0.3,Lean Left,Left,social_culture_rights,1063
article_articles_2951,gpt-4.1,0.0,0.0,0.0,2.0,1.0,Center,Center,Center,Center,Center,10,0.1,0.0,Lean Left,Left,social_culture_rights,1063
article_articles_2967,claude-sonnet-4-5,6.0,5.0,5.0,6.0,8.0,Lean Left,Left,Lean Left,Lean Left,Lean Left,10,0.0,0.0,Lean Left,Left,immigration_border,815
article_articles_2967,gpt-4.1,7.0,3.0,0.0,5.0,2.0,Center,Center,Center,Center,Center,10,0.0,0.0,Lean Left,Left,immigration_border,815
article_articles_3240,claude-sonnet-4-5,11.0,5.0,8.0,9.0,8.0,Left,Left,Left,Left,Lean Left,10,0.0,0.0,Left,Left,economy,818
article_articles_3240,gpt-4.1,8.0,5.0,6.0,10.0,10.0,Lean Left,Left,Lean Left,Lean Left,Lean Left,10,0.0,0.0,Left,Left,economy,818
article_articles_32614,claude-sonnet-4-5,11.0,9.0,9.0,11.0,15.0,Left,Left,Left,Left,Left,10,0.0,0.1,Left,Left,immigration_border,1021
article_articles_32614,gpt-4.1,10.0,9.0,10.0,7.0,9.0,Left,Left,Left,Left,Left,10,0.0,0.0,Left,Left,immigration_border,1021
article_articles_32706,claude-sonnet-4-5,5.0,4.0,4.0,6.0,,Lean Left,Left,Lean Left,Lean Left,Lean Left,10,0.0,0.0,Center,Center,climate_energy,828
article_articles_32706,gpt-4.1,1.0,3.0,,4.0,3.0,Lean Left,Lean Left,Lean Left,Lean Left,Lean Left,10,0.0,0.0,Center,Center,climate_energy,828
article_articles_33771,claude-sonnet-4-5,9.0,4.0,5.0,10.0,3.0,Lean Left,Lean Left,Lean Left,Lean Left,Lean Left,10,0.0,0.0,Lean Left,Left,economy,918
article_articles_33771,gpt-4.1,6.0,3.0,2.0,8.0,3.0,Center,Center,Center,Center,Lean Left,10,0.0,0.5,Lean Left,Left,economy,918
article_articles_34110,claude-sonnet-4-5,0.0,0.0,0.0,3.0,4.0,Right,Right,Right,Lean Right,Lean Right,10,0.8,0.0,Right,Right,economy,471
article_articles_34110,gpt-4.1,1.0,1.0,1.0,2.0,2.0,Center,Lean Right,Center,Lean Right,Center,10,0.3,0.0,Right,Right,economy,471
article_articles_34901,claude-sonnet-4-5,6.0,7.0,4.0,7.0,8.0,Right,Right,Right,Right,Lean Right,10,0.6,0.0,Lean Right,Right,health_education,416
article_articles_34901,gpt-4.1,6.0,4.0,0.0,8.0,6.0,Lean Right,Lean Right,Lean Right,Lean Right,Right,10,0.0,0.0,Lean Right,Right,health_education,416
article_articles_36549,claude-sonnet-4-5,13.0,8.0,13.0,15.0,12.0,Left,Left,Lean Left,Lean Left,Lean Left,10,0.0,0.0,Right,Right,immigration_border,1169
article_articles_36549,gpt-4.1,11.0,9.0,15.0,14.0,13.0,Lean Left,Left,Lean Left,Lean Left,Left,10,0.0,0.0,Right,Right,immigration_border,1169
article_articles_36783,claude-sonnet-4-5,0.0,0.0,0.0,0.0,4.0,Center,Center,Center,Center,Center,8,0.0,0.0,Center,Center,health_education,506
article_articles_36783,gpt-4.1,3.0,3.0,0.0,5.0,4.0,Center,Center,Center,Center,Center,7,0.0,0.0,Center,Center,health_education,506
article_articles_36873,claude-sonnet-4-5,0.0,0.0,0.0,0.0,2.0,Center,Center,Center,Center,Center,8,0.0,0.0,Center,Center,immigration_border,1154
article_articles_36873,gpt-4.1,0.0,0.0,0.0,0.0,0.0,Center,Center,Center,Center,Center,7,0.0,0.0,Center,Center,immigration_border,1154
article_articles_37206,claude-sonnet-4-5,12.0,9.0,9.0,19.0,11.0,Right,Right,Right,Right,Lean Right,10,0.2,0.0,Center,Center,health_education,1274
article_articles_37206,gpt-4.1,15.0,8.0,12.0,11.0,11.0,Lean Right,Lean Right,Lean Right,Lean Right,Lean Right,10,0.0,0.0,Center,Center,health_education,1274
article_articles_37219,claude-sonnet-4-5,5.0,4.0,5.0,5.0,3.0,Left,Left,Center,Center,Lean Left,10,0.0,0.0,Lean Left,Left,immigration_border,1231
article_articles_37219,gpt-4.1,0.0,0.0,0.0,0.0,3.0,Center,Lean Left,Center,Center,Lean Left,10,0.2,0.1,Lean Left,Left,immigration_border,1231
article_articles_37227,claude-sonnet-4-5,11.0,8.0,15.0,13.0,12.0,Lean Left,Left,Lean Left,Lean Left,Lean Left,10,0.1,0.0,Center,Center,foreign_defense,727
article_articles_37227,gpt-4.1,16.0,11.0,10.0,19.0,7.0,Lean Left,Lean Left,Lean Left,Lean Left,Lean Left,10,0.0,0.0,Center,Center,foreign_defense,727
article_articles_37288,claude-sonnet-4-5,10.0,8.0,10.0,13.0,5.0,Right,Right,Right,Right,Right,10,0.3,0.0,Right,Right,elections_governance,887
article_articles_37288,gpt-4.1,10.0,6.0,17.0,10.0,10.0,Right,Right,Right,Right,Right,10,0.0,0.0,Right,Right,elections_governance,887
article_articles_37916,claude-sonnet-4-5,14.0,7.0,12.0,10.0,10.0,Left,Left,Left,Left,Left,10,0.0,0.3,Left,Left,elections_governance,711
article_articles_37916,gpt-4.1,8.0,6.0,9.0,9.0,9.0,Left,Left,Left,Left,Left,10,0.0,0.0,Left,Left,elections_governance,711
article_articles_38220,claude-sonnet-4-5,5.0,4.0,0.0,3.0,7.0,Center,Center,Center,Center,Center,10,0.0,0.0,Center,Center,social_culture_rights,515
article_articles_38220,gpt-4.1,0.0,0.0,0.0,2.0,0.0,Center,Center,Center,Center,Center,9,0.0,0.0,Center,Center,social_culture_rights,515
article_articles_38504,claude-sonnet-4-5,11.0,13.0,12.0,13.0,11.0,Left,Left,Left,Left,Left,10,0.0,0.0,Left,Left,elections_governance,905
article_articles_38504,gpt-4.1,10.0,12.0,16.0,14.0,10.0,Left,Left,Left,Left,Left,10,0.0,0.0,Left,Left,elections_governance,905
article_articles_38877,claude-sonnet-4-5,0.0,4.0,3.0,3.0,7.0,Lean Left,Left,Lean Left,Lean Left,Center,10,0.0,0.1,Lean Right,Right,immigration_border,492
article_articles_38877,gpt-4.1,6.0,3.0,3.0,5.0,3.0,Lean Left,Center,Center,Center,Lean Left,10,0.0,0.4,Lean Right,Right,immigration_border,492
article_articles_39265,claude-sonnet-4-5,0.0,0.0,0.0,0.0,0.0,Center,Center,Center,Center,Center,9,0.0,0.0,Center,Center,economy,828
article_articles_39265,gpt-4.1,0.0,0.0,0.0,0.0,0.0,Center,Center,Center,Center,,4,0.0,0.0,Center,Center,economy,828
article_articles_39994,claude-sonnet-4-5,8.0,3.0,5.0,7.0,7.0,Lean Left,Lean Left,Lean Left,Lean Left,Lean Left,10,0.0,0.0,Center,Center,economy,766
article_articles_39994,gpt-4.1,8.0,6.0,7.0,11.0,6.0,Lean Left,Lean Left,Center,Lean Left,Lean Left,10,0.0,0.1,Center,Center,economy,766
article_articles_40070,claude-sonnet-4-5,6.0,6.0,4.0,6.0,8.0,Right,Right,Right,Right,Right,10,0.3,0.0,Lean Right,Right,economy,639
article_articles_40070,gpt-4.1,3.0,4.0,4.0,4.0,6.0,Lean Right,Lean Right,Lean Right,Lean Right,Lean Right,10,0.0,0.0,Lean Right,Right,economy,639
article_articles_40078,claude-sonnet-4-5,15.0,9.0,13.0,15.0,13.0,Right,Right,Right,Right,Right,10,0.1,0.0,Right,Right,health_education,540
article_articles_40078,gpt-4.1,10.0,9.0,9.0,12.0,11.0,Right,Right,Right,Right,Right,10,0.0,0.0,Right,Right,health_education,540
article_articles_40197,claude-sonnet-4-5,9.0,5.0,7.0,9.0,10.0,Lean Right,Lean Right,Lean Right,Lean Right,Lean Left,10,0.0,0.0,Lean Right,Right,health_education,426
article_articles_40197,gpt-4.1,6.0,6.0,4.0,6.0,6.0,Lean Left,Lean Left,Lean Left,Lean Left,Center,10,0.2,0.0,Lean Right,Right,health_education,426
article_articles_41124,claude-sonnet-4-5,5.0,0.0,0.0,0.0,6.0,Left,Left,Left,Left,Lean Left,10,0.1,0.1,Center,Center,immigration_border,1041
article_articles_41124,gpt-4.1,5.0,3.0,2.0,6.0,3.0,Center,Center,Center,Center,Center,10,0.0,0.2,Center,Center,immigration_border,1041
article_articles_41185,claude-sonnet-4-5,28.0,20.0,25.0,20.0,23.0,Left,Left,Left,Left,Left,10,0.0,0.1,Left,Left,immigration_border,1262
article_articles_41185,gpt-4.1,13.0,23.0,20.0,26.0,12.0,Left,Left,Left,Left,Left,10,0.0,0.0,Left,Left,immigration_border,1262
article_articles_41235,claude-sonnet-4-5,10.0,6.0,7.0,11.0,12.0,Left,Left,Left,Left,Left,10,0.0,0.1,Lean Left,Left,climate_energy,756
article_articles_41235,gpt-4.1,7.0,8.0,6.0,10.0,9.0,Left,Left,Left,Left,Left,10,0.0,0.0,Lean Left,Left,climate_energy,756
article_articles_41291,claude-sonnet-4-5,0.0,0.0,0.0,0.0,1.0,Center,Center,Center,Center,Center,4,0.0,0.0,Center,Center,health_education,1381
article_articles_41291,gpt-4.1,0.0,0.0,0.0,0.0,0.0,Center,Center,Center,Center,Center,2,0.0,0.0,Center,Center,health_education,1381
article_articles_41316,claude-sonnet-4-5,10.0,7.0,7.0,11.0,12.0,Right,Right,Right,Right,Right,10,0.2,0.0,Right,Right,climate_energy,694
article_articles_41316,gpt-4.1,4.0,5.0,5.0,7.0,7.0,Lean Right,Right,Right,Lean Right,Right,10,0.0,0.0,Right,Right,climate_energy,694
article_articles_41903,claude-sonnet-4-5,13.0,7.0,11.0,14.0,12.0,Left,Left,Left,Left,Lean Left,10,0.0,0.0,Lean Left,Left,climate_energy,1177
article_articles_41903,gpt-4.1,9.0,11.0,17.0,17.0,16.0,Lean Left,Lean Left,Left,Lean Left,Left,10,0.0,0.0,Lean Left,Left,climate_energy,1177
article_articles_42775,claude-sonnet-4-5,16.0,10.0,11.0,15.0,15.0,Right,Right,Right,Right,Right,10,0.0,0.0,Right,Right,economy,871
article_articles_42775,gpt-4.1,17.0,10.0,20.0,17.0,11.0,Right,Right,Right,Right,Right,10,0.0,0.0,Right,Right,economy,871
article_articles_42830,claude-sonnet-4-5,0.0,0.0,0.0,0.0,0.0,Center,Center,Center,Center,Center,9,0.0,0.0,Center,Center,immigration_border,452
article_articles_42830,gpt-4.1,0.0,0.0,0.0,0.0,2.0,Center,Center,Center,Center,Center,7,0.0,0.0,Center,Center,immigration_border,452
article_articles_43193,claude-sonnet-4-5,7.0,7.0,8.0,11.0,9.0,Left,Left,Left,Left,Left,10,0.0,0.0,Left,Left,immigration_border,597
article_articles_43193,gpt-4.1,7.0,6.0,6.0,11.0,6.0,Left,Left,Left,Left,Left,10,0.0,0.0,Left,Left,immigration_border,597
article_articles_43525,claude-sonnet-4-5,9.0,5.0,7.0,8.0,10.0,Left,Left,Left,Left,Left,10,0.0,0.0,Left,Left,social_culture_rights,983
article_articles_43525,gpt-4.1,8.0,5.0,5.0,7.0,5.0,Left,Left,Left,Left,Left,10,0.0,0.0,Left,Left,social_culture_rights,983
article_articles_43536,claude-sonnet-4-5,7.0,8.0,7.0,9.0,9.0,Left,Left,Left,Left,Left,10,0.0,0.0,Left,Left,crime_justice,467
article_articles_43536,gpt-4.1,10.0,4.0,7.0,6.0,9.0,Left,Left,Left,Left,Left,10,0.0,0.0,Left,Left,crime_justice,467
article_articles_43610,claude-sonnet-4-5,15.0,8.0,9.0,19.0,12.0,Left,Left,Left,Left,Left,10,0.0,0.1,Left,Left,climate_energy,684
article_articles_43610,gpt-4.1,9.0,10.0,10.0,10.0,8.0,Left,Left,Left,Left,Left,10,0.0,0.0,Left,Left,climate_energy,684
article_articles_43877,claude-sonnet-4-5,12.0,8.0,8.0,13.0,12.0,Right,Right,Right,Right,Right,10,0.4,0.0,Right,Right,climate_energy,654
article_articles_43877,gpt-4.1,7.0,8.0,7.0,7.0,7.0,Lean Right,Right,Right,Lean Right,Right,10,0.1,0.0,Right,Right,climate_energy,654
article_articles_43880,claude-sonnet-4-5,15.0,7.0,12.0,14.0,13.0,Right,Right,Right,Right,Right,10,0.1,0.0,Right,Right,economy,650
article_articles_43880,gpt-4.1,10.0,10.0,9.0,11.0,9.0,Right,Right,Right,Right,Right,10,0.0,0.0,Right,Right,economy,650
article_articles_4419,claude-sonnet-4-5,0.0,0.0,0.0,0.0,4.0,Lean Left,Lean Left,Lean Left,Lean Left,Center,9,0.0,0.2222222222222222,Lean Left,Left,immigration_border,623
article_articles_4419,gpt-4.1,0.0,0.0,0.0,0.0,0.0,Lean Left,Lean Left,Center,Lean Left,Lean Left,9,0.1111111111111111,0.1111111111111111,Lean Left,Left,immigration_border,623
article_articles_44539,claude-sonnet-4-5,0.0,0.0,0.0,7.0,5.0,Lean Left,Left,Lean Left,Lean Left,Lean Left,10,0.2,0.2,Center,Center,crime_justice,1358
article_articles_44539,gpt-4.1,6.0,6.0,6.0,5.0,3.0,Lean Left,Lean Left,Lean Left,Lean Left,Lean Left,10,0.1,0.0,Center,Center,crime_justice,1358
article_articles_44566,claude-sonnet-4-5,17.0,9.0,8.0,18.0,13.0,Left,Left,Left,Left,Left,10,0.0,0.0,Lean Left,Left,economy,877
article_articles_44566,gpt-4.1,9.0,8.0,8.0,11.0,9.0,Left,Left,Left,Left,Left,10,0.0,0.0,Lean Left,Left,economy,877
article_articles_44574,claude-sonnet-4-5,0.0,0.0,3.0,5.0,6.0,Lean Left,Lean Left,Lean Left,Lean Left,Center,10,0.0,0.3,Center,Center,crime_justice,789
article_articles_44574,gpt-4.1,0.0,0.0,0.0,3.0,2.0,Center,Center,Center,Center,Center,10,0.0,0.3,Center,Center,crime_justice,789
article_articles_44844,claude-sonnet-4-5,10.0,6.0,9.0,12.0,10.0,Right,Right,Right,Right,Right,10,0.2,0.0,Lean Right,Right,health_education,441
article_articles_44844,gpt-4.1,8.0,4.0,9.0,9.0,8.0,Lean Right,Lean Right,Lean Right,Lean Right,Lean Right,10,0.0,0.0,Lean Right,Right,health_education,441
article_articles_44848,claude-sonnet-4-5,5.0,6.0,4.0,5.0,5.0,Center,Center,Center,Lean Right,Center,10,0.2,0.0,Lean Right,Right,foreign_defense,630
article_articles_44848,gpt-4.1,6.0,3.0,0.0,5.0,4.0,Center,Center,Center,Center,Center,9,0.0,0.0,Lean Right,Right,foreign_defense,630
article_articles_44944,claude-sonnet-4-5,5.0,4.0,0.0,5.0,4.0,Lean Left,Left,Lean Left,Lean Left,Center,10,0.0,0.0,Lean Right,Right,immigration_border,565
article_articles_44944,gpt-4.1,5.0,5.0,3.0,6.0,5.0,Center,Center,Center,Center,Center,10,0.0,0.0,Lean Right,Right,immigration_border,565
article_articles_44954,claude-sonnet-4-5,14.0,10.0,14.0,15.0,12.0,Left,Left,Left,Left,Left,10,0.0,0.2,Left,Left,social_culture_rights,1270
article_articles_44954,gpt-4.1,12.0,6.0,13.0,11.0,10.0,Left,Left,Left,Left,Left,10,0.0,0.0,Left,Left,social_culture_rights,1270
article_articles_45500,claude-sonnet-4-5,0.0,0.0,0.0,0.0,1.0,Center,Center,Center,Center,Center,10,0.1,0.0,Center,Center,elections_governance,884
article_articles_45500,gpt-4.1,0.0,0.0,0.0,0.0,0.0,Center,Center,Center,Center,Center,8,0.0,0.0,Center,Center,elections_governance,884
article_articles_45526,claude-sonnet-4-5,3.0,3.0,0.0,0.0,3.0,Center,Center,Center,Center,Center,10,0.0,0.0,Center,Center,crime_justice,425
article_articles_45526,gpt-4.1,0.0,0.0,0.0,4.0,1.0,Center,Center,Center,Center,Center,10,0.0,0.0,Center,Center,crime_justice,425
article_articles_45868,claude-sonnet-4-5,6.0,5.0,5.0,7.0,7.0,Lean Left,Lean Left,Lean Left,Lean Left,Lean Left,10,0.0,0.1,Center,Center,elections_governance,582
article_articles_45868,gpt-4.1,5.0,5.0,4.0,6.0,5.0,Lean Left,Lean Left,Lean Left,Lean Left,Lean Left,10,0.0,0.0,Center,Center,elections_governance,582
article_articles_45872,claude-sonnet-4-5,13.0,9.0,12.0,12.0,14.0,Left,Left,Left,Left,Left,10,0.0,0.0,Left,Left,crime_justice,905
article_articles_45872,gpt-4.1,9.0,13.0,7.0,10.0,10.0,Left,Left,Left,Left,Left,10,0.0,0.0,Left,Left,crime_justice,905
article_articles_45888,claude-sonnet-4-5,11.0,10.0,9.0,9.0,8.0,Left,Left,Left,Left,Left,10,0.0,0.1,Left,Left,climate_energy,721
article_articles_45888,gpt-4.1,11.0,5.0,8.0,8.0,8.0,Left,Left,Left,Left,Left,10,0.0,0.0,Left,Left,climate_energy,721
article_articles_4693,claude-sonnet-4-5,0.0,0.0,0.0,0.0,0.0,Center,Center,Center,Center,Center,10,0.0,0.0,Lean Left,Left,social_culture_rights,855
article_articles_4693,gpt-4.1,0.0,0.0,0.0,0.0,0.0,Center,Center,Center,Center,Center,6,0.0,0.0,Lean Left,Left,social_culture_rights,855
article_articles_47628,claude-sonnet-4-5,7.0,7.0,7.0,10.0,10.0,Left,Left,Left,Left,Left,10,0.0,0.1,Left,Left,elections_governance,649
article_articles_47628,gpt-4.1,5.0,3.0,5.0,6.0,7.0,Left,Left,Left,Left,Left,10,0.0,0.0,Left,Left,elections_governance,649
article_articles_47643,claude-sonnet-4-5,8.0,6.0,13.0,11.0,10.0,Lean Left,Lean Left,Lean Left,Center,Lean Left,10,0.0,0.0,Lean Left,Left,elections_governance,1012
article_articles_47643,gpt-4.1,16.0,8.0,14.0,14.0,10.0,Lean Left,Lean Left,Center,Lean Left,Lean Left,10,0.0,0.2,Lean Left,Left,elections_governance,1012
article_articles_48024,claude-sonnet-4-5,14.0,6.0,18.0,18.0,15.0,Left,Left,Left,Left,Left,10,0.0,0.0,Lean Left,Left,foreign_defense,1038
article_articles_48024,gpt-4.1,9.0,5.0,6.0,9.0,8.0,Left,Left,Left,Lean Left,Left,10,0.1,0.0,Lean Left,Left,foreign_defense,1038
article_articles_48288,claude-sonnet-4-5,4.0,0.0,0.0,5.0,5.0,Left,Left,Left,Left,Lean Left,10,0.0,0.1,Lean Right,Right,foreign_defense,405
article_articles_48288,gpt-4.1,3.0,1.0,2.0,3.0,1.0,Lean Right,Lean Right,Center,Lean Left,Lean Left,10,0.0,0.3,Lean Right,Right,foreign_defense,405
article_articles_48574,claude-sonnet-4-5,10.0,8.0,10.0,12.0,10.0,Right,Right,Right,Right,Right,10,0.1,0.0,Lean Right,Right,crime_justice,1325
article_articles_48574,gpt-4.1,8.0,6.0,5.0,10.0,9.0,Lean Right,Lean Right,Lean Right,Lean Right,Lean Right,10,0.0,0.1,Lean Right,Right,crime_justice,1325
article_articles_48603,claude-sonnet-4-5,8.0,6.0,5.0,6.0,4.0,Lean Left,Center,Lean Left,Lean Left,Lean Left,10,0.1,0.0,Center,Center,foreign_defense,1138
article_articles_48603,gpt-4.1,4.0,3.0,3.0,3.0,9.0,Center,Center,Center,Center,Center,9,0.0,0.0,Center,Center,foreign_defense,1138
article_articles_48630,claude-sonnet-4-5,6.0,5.0,4.0,6.0,8.0,Left,Left,Left,Left,Left,10,0.0,0.2,Left,Left,climate_energy,921
article_articles_48630,gpt-4.1,8.0,6.0,5.0,8.0,6.0,Lean Left,Lean Left,Left,Lean Left,Left,10,0.0,0.0,Left,Left,climate_energy,921
article_articles_48658,claude-sonnet-4-5,10.0,7.0,9.0,11.0,10.0,Right,Right,Right,Right,Right,10,0.0,0.0,Lean Right,Right,economy,835
article_articles_48658,gpt-4.1,6.0,8.0,10.0,6.0,9.0,Lean Right,Lean Right,Lean Right,Lean Right,Right,10,0.0,0.0,Lean Right,Right,economy,835
article_articles_48968,claude-sonnet-4-5,9.0,6.0,7.0,10.0,10.0,Right,Right,Right,Right,Right,10,0.5,0.0,Lean Right,Right,immigration_border,620
article_articles_48968,gpt-4.1,6.0,5.0,3.0,9.0,9.0,Lean Right,Lean Right,Lean Right,Lean Right,Right,10,0.1,0.0,Lean Right,Right,immigration_border,620
article_articles_48993,claude-sonnet-4-5,10.0,7.0,9.0,11.0,8.0,Right,Right,Right,Right,Right,10,0.1,0.0,Right,Right,crime_justice,1214
article_articles_48993,gpt-4.1,8.0,6.0,7.0,9.0,7.0,Right,Right,Right,Right,Right,10,0.0,0.0,Right,Right,crime_justice,1214
article_articles_49356,claude-sonnet-4-5,15.0,11.0,11.0,18.0,15.0,Left,Left,Left,Left,Left,10,0.0,0.0,Left,Left,foreign_defense,1475
article_articles_49356,gpt-4.1,12.0,10.0,12.0,15.0,13.0,Left,Left,Left,Left,Left,10,0.0,0.0,Left,Left,foreign_defense,1475
article_articles_49594,claude-sonnet-4-5,11.0,10.0,15.0,15.0,13.0,Right,Right,Right,Right,Right,10,0.1,0.0,Right,Right,social_culture_rights,687
article_articles_49594,gpt-4.1,11.0,15.0,17.0,14.0,11.0,Right,Right,Right,Right,Right,10,0.2,0.0,Right,Right,social_culture_rights,687
article_articles_50177,claude-sonnet-4-5,7.0,6.0,9.0,5.0,6.0,Lean Left,Lean Left,Lean Left,Lean Left,Center,10,0.0,0.5,Center,Center,elections_governance,1039
article_articles_50177,gpt-4.1,12.0,5.0,7.0,9.0,10.0,Center,Center,Center,Center,Center,10,0.0,0.1,Center,Center,elections_governance,1039
article_articles_50479,claude-sonnet-4-5,13.0,8.0,13.0,12.0,14.0,Right,Right,Right,Right,Right,10,0.2,0.0,Lean Right,Right,foreign_defense,686
article_articles_50479,gpt-4.1,8.0,5.0,12.0,10.0,11.0,Right,Right,Right,Lean Right,Lean Right,10,0.0,0.0,Lean Right,Right,foreign_defense,686
article_articles_50512,claude-sonnet-4-5,4.0,0.0,0.0,4.0,6.0,Center,Center,Center,Center,Center,10,0.0,0.0,Center,Center,crime_justice,932
article_articles_50512,gpt-4.1,2.0,2.0,2.0,5.0,0.0,Center,Center,Center,Center,Center,10,0.0,0.0,Center,Center,crime_justice,932
article_articles_51445,claude-sonnet-4-5,4.0,4.0,4.0,4.0,6.0,Center,Center,Center,Center,Lean Right,10,0.0,0.2,Lean Right,Right,immigration_border,457
article_articles_51445,gpt-4.1,5.0,3.0,2.0,8.0,5.0,Center,Lean Right,Center,Center,,8,0.125,0.25,Lean Right,Right,immigration_border,457
article_articles_51448,claude-sonnet-4-5,11.0,8.0,12.0,17.0,13.0,Right,Right,Right,Right,Right,10,0.2,0.0,Right,Right,health_education,731
article_articles_51448,gpt-4.1,11.0,7.0,9.0,11.0,10.0,Lean Right,Right,Lean Right,Lean Right,Right,10,0.0,0.0,Right,Right,health_education,731
article_articles_51484,claude-sonnet-4-5,6.0,5.0,5.0,11.0,13.0,Center,Center,Center,Center,Center,10,0.0,0.0,Center,Center,health_education,1168
article_articles_51484,gpt-4.1,11.0,10.0,5.0,9.0,7.0,Center,Center,Center,Center,Center,10,0.0,0.0,Center,Center,health_education,1168
article_articles_51547,claude-sonnet-4-5,12.0,8.0,9.0,12.0,16.0,Left,Left,Left,Left,Left,10,0.0,0.0,Lean Left,Left,economy,1356
article_articles_51547,gpt-4.1,11.0,6.0,13.0,12.0,8.0,Left,Left,Left,Left,Left,10,0.0,0.0,Lean Left,Left,economy,1356
article_articles_51699,claude-sonnet-4-5,11.0,6.0,7.0,10.0,10.0,Lean Left,Left,Left,Lean Left,Lean Left,10,0.0,0.0,Left,Left,economy,1283
article_articles_51699,gpt-4.1,10.0,4.0,4.0,7.0,10.0,Lean Left,Center,Center,Center,Lean Left,10,0.0,0.5,Left,Left,economy,1283
article_articles_51700,claude-sonnet-4-5,11.0,8.0,7.0,11.0,14.0,Left,Left,Left,Left,Left,10,0.0,0.1,Left,Left,elections_governance,910
article_articles_51700,gpt-4.1,10.0,7.0,12.0,10.0,10.0,Left,Left,Left,Left,Left,10,0.0,0.0,Left,Left,elections_governance,910
article_articles_52431,claude-sonnet-4-5,5.0,4.0,4.0,5.0,8.0,Center,Center,Center,Center,Lean Left,10,0.0,0.1,Lean Right,Right,social_culture_rights,486
article_articles_52431,gpt-4.1,9.0,5.0,0.0,5.0,4.0,Center,Center,Center,Center,Center,10,0.0,0.0,Lean Right,Right,social_culture_rights,486
article_articles_52975,claude-sonnet-4-5,9.0,7.0,8.0,14.0,6.0,Left,Left,Left,Left,Left,10,0.0,0.0,Lean Left,Left,immigration_border,1448
article_articles_52975,gpt-4.1,15.0,6.0,6.0,8.0,6.0,Left,Left,Left,Lean Left,Left,10,0.0,0.0,Lean Left,Left,immigration_border,1448
article_articles_53644,claude-sonnet-4-5,6.0,5.0,5.0,8.0,7.0,Left,Left,Left,Left,Left,10,0.0,0.0,Left,Left,social_culture_rights,622
article_articles_53644,gpt-4.1,6.0,5.0,4.0,7.0,6.0,Left,Left,Left,,Left,8,0.0,0.0,Left,Left,social_culture_rights,622
article_articles_54221,claude-sonnet-4-5,10.0,6.0,9.0,9.0,8.0,Left,Left,Left,Left,Lean Left,10,0.0,0.1,Left,Left,climate_energy,988
article_articles_54221,gpt-4.1,11.0,5.0,7.0,8.0,9.0,Left,Left,Left,Left,Left,10,0.0,0.0,Left,Left,climate_energy,988
article_articles_55043,claude-sonnet-4-5,12.0,5.0,2.0,11.0,4.0,Center,Center,Center,Center,Lean Right,9,0.1111111111111111,0.0,Right,Right,foreign_defense,1121
article_articles_55043,gpt-4.1,11.0,9.0,0.0,10.0,12.0,Right,Right,Center,Right,Center,9,0.0,0.0,Right,Right,foreign_defense,1121
article_articles_55054,claude-sonnet-4-5,5.0,4.0,3.0,4.0,5.0,Lean Left,Left,Lean Left,Lean Left,Lean Left,10,0.0,0.2,Lean Left,Left,social_culture_rights,573
article_articles_55054,gpt-4.1,4.0,3.0,0.0,5.0,2.0,Lean Left,Lean Left,Center,Lean Left,Left,10,0.0,0.1,Lean Left,Left,social_culture_rights,573
article_articles_7634,claude-sonnet-4-5,3.0,3.0,3.0,3.0,0.0,Center,Center,Center,Center,Center,10,0.0,0.0,Center,Center,foreign_defense,469
article_articles_7634,gpt-4.1,4.0,2.0,0.0,2.0,4.0,Center,Center,Center,Center,Center,10,0.0,0.0,Center,Center,foreign_defense,469
article_articles_9185,claude-sonnet-4-5,0.0,0.0,0.0,0.0,4.0,Lean Left,Left,Center,Lean Left,Lean Left,10,0.1,0.2,Lean Left,Left,social_culture_rights,538
article_articles_9185,gpt-4.1,4.0,0.0,0.0,6.0,2.0,Center,Center,Center,Center,Lean Left,10,0.0,0.2,Lean Left,Left,social_culture_rights,538
article_backup7_101004,claude-sonnet-4-5,8.0,7.0,8.0,8.0,10.0,Left,Left,Left,Left,Left,10,0.0,0.0,Left,Left,foreign_defense,557
article_backup7_101004,gpt-4.1,9.0,6.0,9.0,12.0,8.0,Left,Left,Left,Left,Left,10,0.0,0.0,Left,Left,foreign_defense,557
article_backup7_1110,claude-sonnet-4-5,12.0,10.0,10.0,12.0,13.0,Right,Right,Right,Right,Right,10,0.1,0.0,Right,Right,social_culture_rights,924
article_backup7_1110,gpt-4.1,11.0,11.0,10.0,20.0,11.0,Lean Right,Right,Right,Right,Right,10,0.0,0.0,Right,Right,social_culture_rights,924
article_backup7_121070,claude-sonnet-4-5,5.0,3.0,4.0,4.0,4.0,Lean Left,Left,Lean Left,Lean Left,Lean Left,10,0.0,0.1,Lean Left,Left,social_culture_rights,954
article_backup7_121070,gpt-4.1,4.0,2.0,0.0,5.0,3.0,Lean Left,Lean Left,Center,Lean Left,Lean Left,10,0.0,0.0,Lean Left,Left,social_culture_rights,954
article_backup7_121216,claude-sonnet-4-5,12.0,7.0,7.0,11.0,11.0,Right,Right,Right,Right,Right,10,0.0,0.0,Right,Right,immigration_border,893
article_backup7_121216,gpt-4.1,7.0,8.0,9.0,9.0,9.0,Lean Right,Right,,Right,Right,8,0.0,0.0,Right,Right,immigration_border,893
article_backup7_121938,claude-sonnet-4-5,10.0,5.0,6.0,9.0,15.0,Left,Left,Left,Left,Lean Left,10,0.0,0.0,Left,Left,economy,914
article_backup7_121938,gpt-4.1,9.0,9.0,10.0,10.0,8.0,Left,Left,Left,Left,Left,10,0.0,0.0,Left,Left,economy,914
article_backup7_124182,claude-sonnet-4-5,5.0,5.0,3.0,6.0,6.0,Center,Center,Center,Center,Lean Left,10,0.1,0.0,Lean Right,Right,crime_justice,1033
article_backup7_124182,gpt-4.1,7.0,3.0,0.0,10.0,6.0,,Center,Center,Center,Lean Left,8,0.125,0.0,Lean Right,Right,crime_justice,1033
article_backup7_133199,claude-sonnet-4-5,0.0,6.0,0.0,6.0,7.0,Lean Left,Lean Left,Lean Left,Lean Left,Lean Left,10,0.1,0.0,Lean Right,Right,climate_energy,408
article_backup7_133199,gpt-4.1,9.0,8.0,9.0,9.0,7.0,Center,Center,Lean Right,Center,Center,8,0.25,0.125,Lean Right,Right,climate_energy,408
article_backup7_134165,claude-sonnet-4-5,12.0,7.0,13.0,14.0,14.0,Right,Right,Right,Right,Right,10,0.1,0.0,Right,Right,climate_energy,775
article_backup7_134165,gpt-4.1,14.0,10.0,17.0,10.0,11.0,Lean Right,Lean Right,Lean Right,Lean Right,Right,10,0.0,0.0,Right,Right,climate_energy,775
article_backup7_1441,claude-sonnet-4-5,9.0,9.0,6.0,9.0,9.0,Right,Right,Right,Right,Right,10,0.0,0.0,Lean Right,Right,health_education,771
article_backup7_1441,gpt-4.1,8.0,7.0,8.0,7.0,6.0,Lean Right,Lean Right,Lean Right,Lean Right,Lean Right,10,0.0,0.0,Lean Right,Right,health_education,771
article_backup7_148538,claude-sonnet-4-5,9.0,6.0,0.0,10.0,14.0,Center,Center,Center,Center,Center,10,0.0,0.4,Lean Left,Left,foreign_defense,1402
article_backup7_148538,gpt-4.1,15.0,7.0,14.0,9.0,9.0,Center,Center,Center,Center,Lean Left,10,0.0,0.4,Lean Left,Left,foreign_defense,1402
article_backup7_150566,claude-sonnet-4-5,6.0,5.0,5.0,8.0,6.0,Left,Left,Left,Lean Left,Lean Left,10,0.0,0.1,Lean Left,Left,elections_governance,621
article_backup7_150566,gpt-4.1,6.0,2.0,3.0,6.0,5.0,Lean Left,Lean Left,Center,Lean Left,Lean Left,10,0.0,0.0,Lean Left,Left,elections_governance,621
article_backup7_152976,claude-sonnet-4-5,5.0,4.0,4.0,8.0,7.0,Lean Right,Lean Right,Lean Right,Lean Right,Lean Right,10,0.0,0.0,Lean Right,Right,crime_justice,551
article_backup7_152976,gpt-4.1,5.0,2.0,1.0,5.0,5.0,Lean Right,Lean Right,Lean Right,Lean Right,Lean Right,10,0.0,0.0,Lean Right,Right,crime_justice,551
article_backup7_16046,claude-sonnet-4-5,12.0,9.0,8.0,10.0,12.0,Right,Right,Right,Right,Right,10,0.1,0.0,Right,Right,climate_energy,850
article_backup7_16046,gpt-4.1,11.0,7.0,11.0,11.0,10.0,Lean Right,Right,Right,Lean Right,Right,10,0.2,0.0,Right,Right,climate_energy,850
article_backup7_16719,claude-sonnet-4-5,6.0,4.0,6.0,6.0,7.0,Lean Left,Left,Lean Left,Lean Left,Lean Left,10,0.1,0.0,Lean Right,Right,health_education,1093
article_backup7_16719,gpt-4.1,8.0,4.0,4.0,10.0,6.0,Lean Left,Lean Left,Lean Left,Lean Left,Lean Left,10,0.0,0.0,Lean Right,Right,health_education,1093
article_backup7_169661,claude-sonnet-4-5,12.0,9.0,13.0,17.0,14.0,Right,Right,Right,Right,Right,10,0.0,0.0,Right,Right,elections_governance,922
article_backup7_169661,gpt-4.1,12.0,7.0,12.0,13.0,8.0,Lean Right,Lean Right,Lean Right,Lean Right,Lean Right,10,0.0,0.0,Right,Right,elections_governance,922
article_backup7_170533,claude-sonnet-4-5,4.0,0.0,4.0,4.0,5.0,Lean Left,Left,Lean Left,Lean Left,Center,10,0.0,0.1,Lean Left,Left,crime_justice,940
article_backup7_170533,gpt-4.1,0.0,0.0,0.0,0.0,0.0,Center,Lean Left,Center,Center,,8,0.125,0.125,Lean Left,Left,crime_justice,940
article_backup7_180714,claude-sonnet-4-5,4.0,4.0,3.0,4.0,3.0,Center,Center,Center,Center,Center,10,0.0,0.0,Lean Right,Right,climate_energy,576
article_backup7_180714,gpt-4.1,3.0,4.0,0.0,2.0,0.0,Center,Center,Center,Center,Center,10,0.0,0.0,Lean Right,Right,climate_energy,576
article_backup7_1847,claude-sonnet-4-5,9.0,5.0,8.0,11.0,10.0,Left,Left,Left,Left,Lean Left,10,0.1,0.0,Left,Left,crime_justice,906
article_backup7_1847,gpt-4.1,9.0,6.0,4.0,12.0,11.0,Left,Left,Left,Lean Left,Left,10,0.0,0.0,Left,Left,crime_justice,906
article_backup7_1889,claude-sonnet-4-5,19.0,11.0,12.0,19.0,18.0,Right,Right,Right,Right,Right,10,0.2,0.0,Right,Right,social_culture_rights,1127
article_backup7_1889,gpt-4.1,15.0,10.0,8.0,14.0,10.0,Right,Right,Right,Right,Right,10,0.0,0.0,Right,Right,social_culture_rights,1127
article_backup7_193865,claude-sonnet-4-5,7.0,4.0,5.0,8.0,9.0,Left,Left,Left,Left,Left,10,0.0,0.0,Lean Left,Left,health_education,532
article_backup7_193865,gpt-4.1,6.0,5.0,2.0,9.0,6.0,Lean Left,Lean Left,Lean Left,Lean Left,Lean Left,10,0.0,0.0,Lean Left,Left,health_education,532
article_backup7_198966,claude-sonnet-4-5,8.0,6.0,8.0,8.0,9.0,Left,Left,Left,Left,Left,10,0.0,0.0,Left,Left,health_education,878
article_backup7_198966,gpt-4.1,7.0,5.0,6.0,10.0,7.0,Lean Left,Lean Left,Lean Left,Lean Left,Lean Left,10,0.0,0.0,Left,Left,health_education,878
article_backup7_2007,claude-sonnet-4-5,9.0,7.0,7.0,8.0,10.0,Right,Right,Right,Right,Right,10,0.6,0.0,Lean Right,Right,crime_justice,595
article_backup7_2007,gpt-4.1,8.0,6.0,11.0,7.0,10.0,Lean Right,Lean Right,Lean Right,,Right,8,0.125,0.0,Lean Right,Right,crime_justice,595
article_backup7_206207,claude-sonnet-4-5,11.0,5.0,8.0,10.0,9.0,Left,Left,Left,Left,Left,10,0.0,0.2,Lean Left,Left,climate_energy,935
article_backup7_206207,gpt-4.1,7.0,4.0,7.0,8.0,7.0,Lean Left,Left,Left,Lean Left,Left,10,0.0,0.0,Lean Left,Left,climate_energy,935
article_backup7_206269,claude-sonnet-4-5,8.0,5.0,7.0,10.0,8.0,Right,Right,Right,Right,Right,10,0.5,0.0,Right,Right,crime_justice,556
article_backup7_206269,gpt-4.1,6.0,5.0,3.0,7.0,6.0,Right,Right,Right,Right,Right,10,0.1,0.0,Right,Right,crime_justice,556
article_backup7_20671,claude-sonnet-4-5,5.0,5.0,0.0,7.0,8.0,Lean Left,Center,Center,Center,Center,10,0.0,0.0,Lean Left,Left,elections_governance,1166
article_backup7_20671,gpt-4.1,5.0,3.0,1.0,6.0,3.0,Center,Center,Center,Center,Center,10,0.0,0.0,Lean Left,Left,elections_governance,1166
article_backup7_216005,claude-sonnet-4-5,14.0,8.0,12.0,15.0,20.0,Left,Left,Left,Left,Left,10,0.0,0.0,Left,Left,health_education,663
article_backup7_216005,gpt-4.1,13.0,8.0,10.0,12.0,9.0,Left,Left,Left,,Left,8,0.0,0.0,Left,Left,health_education,663
article_backup7_216195,claude-sonnet-4-5,12.0,11.0,13.0,17.0,18.0,Right,Right,Right,Right,Right,10,0.1,0.0,Right,Right,health_education,941
article_backup7_216195,gpt-4.1,14.0,12.0,14.0,14.0,14.0,Lean Right,Right,Lean Right,Lean Right,Right,10,0.0,0.0,Right,Right,health_education,941
article_backup7_216213,claude-sonnet-4-5,7.0,6.0,5.0,7.0,7.0,Lean Left,Lean Left,Lean Left,Lean Left,Center,10,0.0,0.0,Lean Left,Left,immigration_border,1001
article_backup7_216213,gpt-4.1,5.0,8.0,4.0,6.0,4.0,Center,Center,Center,Center,Center,10,0.0,0.1,Lean Left,Left,immigration_border,1001
article_backup7_216300,claude-sonnet-4-5,4.0,0.0,0.0,3.0,6.0,Lean Left,Left,Center,Lean Left,Center,10,0.0,0.2,Lean Left,Left,crime_justice,556
article_backup7_216300,gpt-4.1,2.0,0.0,0.0,4.0,1.0,Center,Lean Left,Center,Center,Center,10,0.1,0.3,Lean Left,Left,crime_justice,556
article_backup7_216572,claude-sonnet-4-5,7.0,3.0,3.0,4.0,4.0,Lean Left,Center,Lean Left,Lean Left,Center,10,0.0,0.0,Lean Left,Left,economy,589
article_backup7_216572,gpt-4.1,4.0,3.0,2.0,3.0,4.0,Center,Center,Center,Center,Lean Left,10,0.0,0.2,Lean Left,Left,economy,589
article_backup7_217175,claude-sonnet-4-5,7.0,4.0,4.0,7.0,8.0,Right,Right,Right,Right,Right,10,0.6,0.0,Right,Right,immigration_border,719
article_backup7_217175,gpt-4.1,8.0,5.0,5.0,7.0,8.0,Right,Right,Right,Right,Right,10,0.5,0.0,Right,Right,immigration_border,719
article_backup7_220628,claude-sonnet-4-5,4.0,4.0,3.0,4.0,2.0,Center,Center,Center,Center,Center,10,0.0,0.0,Center,Center,social_culture_rights,870
article_backup7_220628,gpt-4.1,4.0,0.0,2.0,3.0,0.0,Center,Center,Center,Center,Center,10,0.0,0.0,Center,Center,social_culture_rights,870
article_backup7_2209,claude-sonnet-4-5,26.0,9.0,16.0,23.0,20.0,Right,Right,Right,Right,Right,10,0.1,0.0,Right,Right,foreign_defense,537
article_backup7_2209,gpt-4.1,21.0,10.0,19.0,18.0,9.0,Right,Right,Right,Right,Right,10,0.0,0.0,Right,Right,foreign_defense,537
article_backup7_221468,claude-sonnet-4-5,11.0,8.0,8.0,12.0,10.0,Lean Left,Left,Lean Left,Lean Left,Lean Left,10,0.1,0.0,Lean Left,Left,crime_justice,1005
article_backup7_221468,gpt-4.1,5.0,5.0,4.0,9.0,5.0,Lean Left,Lean Left,Lean Left,Lean Left,Lean Left,10,0.0,0.0,Lean Left,Left,crime_justice,1005
article_backup7_221718,claude-sonnet-4-5,8.0,6.0,7.0,10.0,14.0,Right,Right,Right,Right,Right,10,0.4,0.0,Lean Right,Right,climate_energy,1006
article_backup7_221718,gpt-4.1,12.0,7.0,6.0,9.0,12.0,Lean Right,,Lean Right,Lean Right,Lean Right,8,0.125,0.0,Lean Right,Right,climate_energy,1006
article_backup7_223715,claude-sonnet-4-5,6.0,5.0,4.0,7.0,8.0,Lean Left,Left,Lean Left,Lean Left,Lean Left,10,0.0,0.2,Lean Left,Left,health_education,842
article_backup7_223715,gpt-4.1,3.0,2.0,1.0,5.0,4.0,Lean Left,Lean Left,Lean Left,Lean Left,Left,10,0.0,0.0,Lean Left,Left,health_education,842
article_backup7_226734,claude-sonnet-4-5,6.0,5.0,4.0,7.0,5.0,Right,Right,Right,Lean Right,Lean Right,10,0.6,0.0,Right,Right,crime_justice,628
article_backup7_226734,gpt-4.1,7.0,5.0,4.0,7.0,6.0,Lean Right,Right,Right,Lean Right,Lean Right,10,0.0,0.0,Right,Right,crime_justice,628
article_backup7_226794,claude-sonnet-4-5,8.0,5.0,5.0,9.0,8.0,Lean Left,Left,Lean Left,Lean Left,Lean Left,10,0.1,0.0,Lean Right,Right,elections_governance,819
article_backup7_226794,gpt-4.1,12.0,6.0,6.0,10.0,8.0,Center,Center,Center,Center,,8,0.0,0.0,Lean Right,Right,elections_governance,819
article_backup7_227044,claude-sonnet-4-5,9.0,5.0,5.0,9.0,5.0,Lean Left,Left,Center,Lean Left,Lean Left,10,0.1,0.0,Lean Right,Right,elections_governance,979
article_backup7_227044,gpt-4.1,7.0,3.0,0.0,6.0,7.0,Center,Center,Center,Center,Lean Left,10,0.0,0.1,Lean Right,Right,elections_governance,979
article_backup7_2273,claude-sonnet-4-5,6.0,5.0,5.0,7.0,8.0,Lean Left,Lean Left,Lean Left,Lean Left,Lean Left,10,0.1,0.2,Lean Right,Right,foreign_defense,490
article_backup7_2273,gpt-4.1,5.0,4.0,1.0,6.0,8.0,Lean Left,Lean Right,Lean Right,Lean Left,Lean Left,10,0.0,0.0,Lean Right,Right,foreign_defense,490
article_backup7_227466,claude-sonnet-4-5,7.0,7.0,6.0,10.0,8.0,Left,Left,Left,Left,Left,10,0.0,0.2,Left,Left,elections_governance,516
article_backup7_227466,gpt-4.1,7.0,4.0,7.0,8.0,8.0,Left,Left,Left,Left,Left,10,0.0,0.0,Left,Left,elections_governance,516
article_backup7_227586,claude-sonnet-4-5,5.0,4.0,5.0,7.0,5.0,Lean Right,Right,Lean Right,Lean Right,Lean Right,10,0.1,0.0,Lean Right,Right,immigration_border,462
article_backup7_227586,gpt-4.1,4.0,3.0,3.0,5.0,6.0,Lean Right,Lean Right,Lean Right,Lean Right,Lean Right,10,0.1,0.0,Lean Right,Right,immigration_border,462
article_backup7_227770,claude-sonnet-4-5,8.0,6.0,5.0,8.0,8.0,Lean Left,Left,Lean Left,Lean Left,Lean Left,10,0.0,0.1,Lean Right,Right,climate_energy,580
article_backup7_227770,gpt-4.1,5.0,3.0,2.0,4.0,5.0,Lean Left,Lean Left,Lean Left,Lean Left,Lean Left,10,0.0,0.0,Lean Right,Right,climate_energy,580
article_backup7_227794,claude-sonnet-4-5,9.0,6.0,5.0,10.0,13.0,Left,Left,Left,Left,Lean Left,10,0.0,0.3,Left,Left,health_education,720
article_backup7_227794,gpt-4.1,9.0,4.0,6.0,8.0,6.0,Lean Left,Lean Left,Lean Left,Lean Left,Lean Left,10,0.0,0.0,Left,Left,health_education,720
article_backup7_228078,claude-sonnet-4-5,12.0,11.0,15.0,16.0,14.0,Right,Right,Right,Right,Right,10,0.2,0.0,Right,Right,health_education,1145
article_backup7_228078,gpt-4.1,18.0,9.0,15.0,14.0,10.0,Lean Right,Lean Right,Lean Right,Lean Right,Right,10,0.0,0.0,Right,Right,health_education,1145
article_backup7_228892,claude-sonnet-4-5,12.0,8.0,8.0,12.0,13.0,Right,Right,Right,Right,Right,10,0.6,0.0,Right,Right,elections_governance,700
article_backup7_228892,gpt-4.1,12.0,7.0,4.0,7.0,14.0,Lean Right,Right,Right,Lean Right,Right,10,0.1,0.0,Right,Right,elections_governance,700
article_backup7_229014,claude-sonnet-4-5,6.0,4.0,5.0,7.0,7.0,Center,Lean Left,Center,Center,Center,10,0.0,0.3,Center,Center,elections_governance,833
article_backup7_229014,gpt-4.1,5.0,3.0,3.0,6.0,3.0,Center,Center,Center,Center,Center,10,0.0,0.2,Center,Center,elections_governance,833
article_backup7_229071,claude-sonnet-4-5,12.0,8.0,13.0,11.0,13.0,Right,Right,Right,Right,Right,10,0.0,0.0,Right,Right,health_education,616
article_backup7_229071,gpt-4.1,16.0,9.0,12.0,12.0,8.0,Lean Right,Lean Right,Right,Lean Right,Right,10,0.0,0.0,Right,Right,health_education,616
article_backup7_229528,claude-sonnet-4-5,0.0,3.0,4.0,7.0,7.0,Center,Center,Center,Center,Center,10,0.0,0.1,Center,Center,foreign_defense,799
article_backup7_229528,gpt-4.1,6.0,0.0,5.0,5.0,0.0,Center,Center,Center,Center,Center,10,0.0,0.1,Center,Center,foreign_defense,799
article_backup7_229670,claude-sonnet-4-5,18.0,10.0,11.0,15.0,13.0,Left,Left,Left,Left,Left,10,0.0,0.1,Left,Left,immigration_border,761
article_backup7_229670,gpt-4.1,13.0,15.0,11.0,12.0,11.0,Left,Left,Left,Left,Left,10,0.0,0.0,Left,Left,immigration_border,761
article_backup7_229720,claude-sonnet-4-5,7.0,4.0,6.0,5.0,7.0,Right,Right,Right,Lean Right,Right,10,0.7,0.0,Lean Right,Right,climate_energy,600
article_backup7_229720,gpt-4.1,5.0,2.0,3.0,7.0,6.0,Lean Right,Lean Right,Lean Right,Lean Right,Lean Right,10,0.0,0.1,Lean Right,Right,climate_energy,600
article_backup7_230115,claude-sonnet-4-5,15.0,15.0,19.0,21.0,18.0,Right,Right,Right,Right,Right,10,0.0,0.0,Right,Right,elections_governance,901
article_backup7_230115,gpt-4.1,13.0,18.0,15.0,18.0,13.0,Right,Right,Right,Right,Right,10,0.0,0.0,Right,Right,elections_governance,901
article_backup7_230305,claude-sonnet-4-5,0.0,0.0,0.0,0.0,2.0,Center,Center,Center,Center,Center,2,0.0,0.0,Center,Center,economy,877
article_backup7_230305,gpt-4.1,0.0,0.0,0.0,0.0,0.0,Center,Center,Center,Center,Center,1,0.0,0.0,Center,Center,economy,877
article_backup7_230342,claude-sonnet-4-5,5.0,5.0,5.0,8.0,8.0,Right,Right,Right,Right,Lean Right,10,0.2,0.0,Right,Right,economy,639
article_backup7_230342,gpt-4.1,5.0,4.0,6.0,8.0,6.0,Lean Right,Lean Right,Lean Right,Lean Right,Right,10,0.0,0.0,Right,Right,economy,639
article_backup7_230536,claude-sonnet-4-5,16.0,6.0,12.0,20.0,10.0,Lean Left,Lean Left,Lean Left,Lean Left,Lean Left,10,0.0,0.0,Lean Right,Right,elections_governance,1171
article_backup7_230536,gpt-4.1,11.0,9.0,9.0,10.0,10.0,Lean Left,Lean Left,Lean Left,Lean Left,Lean Left,10,0.0,0.0,Lean Right,Right,elections_governance,1171
article_backup7_230600,claude-sonnet-4-5,8.0,6.0,6.0,8.0,9.0,Lean Left,Lean Left,Lean Left,Lean Left,Lean Left,10,0.0,0.0,Lean Left,Left,foreign_defense,1481
article_backup7_230600,gpt-4.1,8.0,6.0,10.0,7.0,9.0,Center,Lean Left,Center,Center,Lean Left,10,0.0,0.3,Lean Left,Left,foreign_defense,1481
article_backup7_230627,claude-sonnet-4-5,4.0,4.0,4.0,5.0,6.0,Lean Left,Lean Left,Lean Left,Lean Left,Lean Left,10,0.0,0.0,Lean Left,Left,health_education,484
article_backup7_230627,gpt-4.1,1.0,2.0,0.0,5.0,0.0,Center,Center,Center,Center,Center,10,0.0,0.0,Lean Left,Left,health_education,484
article_backup7_232717,claude-sonnet-4-5,7.0,5.0,5.0,7.0,8.0,Left,Left,Left,Left,Left,10,0.1,0.0,Lean Left,Left,crime_justice,533
article_backup7_232717,gpt-4.1,5.0,5.0,5.0,6.0,7.0,Lean Left,Left,Lean Left,Lean Left,Lean Left,10,0.0,0.0,Lean Left,Left,crime_justice,533
article_backup7_2338,claude-sonnet-4-5,19.0,10.0,15.0,17.0,17.0,Right,Right,Right,Right,Right,10,0.2,0.0,Right,Right,crime_justice,481
article_backup7_2338,gpt-4.1,11.0,11.0,8.0,12.0,11.0,Right,Right,Right,Right,Right,10,0.0,0.0,Right,Right,crime_justice,481
article_backup7_234431,claude-sonnet-4-5,7.0,6.0,4.0,11.0,11.0,Right,Right,Right,Right,Lean Right,10,0.7,0.0,Lean Left,Left,elections_governance,577
article_backup7_234431,gpt-4.1,7.0,3.0,1.0,8.0,5.0,Center,Lean Right,Center,Center,Center,10,0.0,0.1,Lean Left,Left,elections_governance,577
article_backup7_235646,claude-sonnet-4-5,0.0,4.0,0.0,4.0,4.0,Lean Left,Left,Lean Left,Lean Left,Center,10,0.0,0.0,Lean Right,Right,elections_governance,501
article_backup7_235646,gpt-4.1,5.0,3.0,2.0,5.0,3.0,Center,Center,Center,Center,Center,10,0.0,0.0,Lean Right,Right,elections_governance,501
article_backup7_235699,claude-sonnet-4-5,7.0,6.0,6.0,10.0,10.0,Right,Center,Right,Lean Right,Lean Right,10,0.7,0.0,Lean Right,Right,elections_governance,903
article_backup7_235699,gpt-4.1,4.0,6.0,2.0,7.0,3.0,Center,Center,Center,Center,Center,10,0.0,0.0,Lean Right,Right,elections_governance,903
article_backup7_2373,claude-sonnet-4-5,4.0,4.0,4.0,5.0,4.0,Center,Center,Center,Center,Lean Left,10,0.0,0.0,Left,Left,foreign_defense,591
article_backup7_2373,gpt-4.1,3.0,3.0,3.0,5.0,2.0,Center,Center,Lean Left,Lean Left,Lean Left,10,0.0,0.2,Left,Left,foreign_defense,591
article_backup7_287,claude-sonnet-4-5,7.0,7.0,7.0,8.0,9.0,Right,Right,Right,Right,Lean Right,10,0.0,0.0,Lean Right,Right,foreign_defense,841
article_backup7_287,gpt-4.1,8.0,14.0,9.0,7.0,12.0,Lean Right,Lean Right,Lean Right,Lean Right,Lean Right,10,0.0,0.0,Lean Right,Right,foreign_defense,841
article_backup7_31067,claude-sonnet-4-5,10.0,9.0,13.0,9.0,12.0,Right,Right,Right,Right,Right,10,0.1,0.0,Right,Right,social_culture_rights,838
article_backup7_31067,gpt-4.1,10.0,7.0,12.0,10.0,10.0,Right,Right,Right,Right,Right,10,0.0,0.0,Right,Right,social_culture_rights,838
article_backup7_31690,claude-sonnet-4-5,7.0,7.0,8.0,11.0,14.0,Left,Left,Left,Left,Left,10,0.0,0.2,Left,Left,crime_justice,609
article_backup7_31690,gpt-4.1,8.0,7.0,9.0,11.0,8.0,Left,Left,Left,Left,Left,10,0.0,0.0,Left,Left,crime_justice,609
article_backup7_37827,claude-sonnet-4-5,0.0,0.0,0.0,0.0,5.0,Lean Right,Lean Right,Lean Right,Lean Right,Lean Right,10,0.6,0.0,Lean Right,Right,social_culture_rights,487
article_backup7_37827,gpt-4.1,4.0,2.0,3.0,3.0,4.0,Lean Right,Lean Right,Lean Right,Lean Right,Center,10,0.2,0.3,Lean Right,Right,social_culture_rights,487
article_backup7_43414,claude-sonnet-4-5,12.0,7.0,10.0,12.0,11.0,Right,Right,Right,Right,Right,10,0.0,0.0,Right,Right,climate_energy,511
article_backup7_43414,gpt-4.1,10.0,6.0,10.0,10.0,10.0,Right,Right,Right,Right,Right,10,0.0,0.0,Right,Right,climate_energy,511
article_backup7_4386,claude-sonnet-4-5,11.0,6.0,9.0,11.0,9.0,Lean Left,Left,Lean Left,Lean Left,Lean Left,10,0.0,0.0,Lean Left,Left,economy,889
article_backup7_4386,gpt-4.1,5.0,7.0,3.0,7.0,7.0,Lean Left,Lean Left,Lean Left,Lean Left,Lean Left,10,0.0,0.0,Lean Left,Left,economy,889
article_backup7_4683,claude-sonnet-4-5,10.0,7.0,12.0,9.0,10.0,Left,Left,Left,Left,Left,10,0.0,0.1,Left,Left,social_culture_rights,765
article_backup7_4683,gpt-4.1,8.0,10.0,9.0,9.0,11.0,Left,Left,Left,Left,Left,10,0.0,0.0,Left,Left,social_culture_rights,765
article_backup7_50218,claude-sonnet-4-5,5.0,0.0,4.0,7.0,6.0,Lean Left,Left,Lean Left,Lean Left,Lean Left,10,0.0,0.1,Lean Right,Right,economy,576
article_backup7_50218,gpt-4.1,3.0,2.0,0.0,4.0,3.0,Center,Center,Center,Center,Lean Left,10,0.0,0.2,Lean Right,Right,economy,576
article_backup7_50964,claude-sonnet-4-5,11.0,7.0,8.0,24.0,14.0,Left,Left,Left,Left,Left,10,0.0,0.1,Lean Left,Left,climate_energy,1172
article_backup7_50964,gpt-4.1,12.0,21.0,12.0,14.0,7.0,Left,Left,Left,Left,Left,10,0.0,0.0,Lean Left,Left,climate_energy,1172
article_backup7_5215,claude-sonnet-4-5,17.0,10.0,20.0,12.0,18.0,Right,Right,Right,Right,Right,10,0.3,0.0,Lean Right,Right,crime_justice,997
article_backup7_5215,gpt-4.1,9.0,6.0,9.0,18.0,9.0,Lean Right,Lean Right,Lean Right,Lean Right,Right,10,0.0,0.0,Lean Right,Right,crime_justice,997
article_backup7_55602,claude-sonnet-4-5,15.0,8.0,8.0,13.0,15.0,Right,Right,Right,Right,Right,10,0.2,0.0,Right,Right,social_culture_rights,732
article_backup7_55602,gpt-4.1,11.0,9.0,8.0,9.0,8.0,Right,Right,Right,Right,Right,10,0.2,0.0,Right,Right,social_culture_rights,732
article_backup7_56995,claude-sonnet-4-5,6.0,5.0,5.0,6.0,5.0,Lean Left,Lean Left,Lean Left,Lean Left,Lean Left,10,0.0,0.5,Lean Left,Left,climate_energy,753
article_backup7_56995,gpt-4.1,5.0,4.0,0.0,6.0,5.0,Lean Left,Lean Left,Lean Left,Lean Left,Lean Left,10,0.0,0.0,Lean Left,Left,climate_energy,753
article_backup7_607,claude-sonnet-4-5,7.0,5.0,6.0,10.0,10.0,Center,Center,Center,Center,Center,10,0.0,0.0,Center,Center,social_culture_rights,1345
article_backup7_607,gpt-4.1,13.0,7.0,5.0,13.0,8.0,Center,Center,Center,Center,Center,10,0.0,0.0,Center,Center,social_culture_rights,1345
article_backup7_62487,claude-sonnet-4-5,0.0,0.0,0.0,0.0,2.0,Lean Left,Lean Left,Lean Left,Center,Center,9,0.1111111111111111,0.1111111111111111,Center,Center,climate_energy,1173
article_backup7_62487,gpt-4.1,0.0,0.0,0.0,0.0,0.0,Center,Center,Center,Center,Center,5,0.0,0.6,Center,Center,climate_energy,1173
article_backup7_6321,claude-sonnet-4-5,14.0,11.0,11.0,21.0,15.0,Right,Right,Right,Right,Right,10,0.0,0.0,Right,Right,crime_justice,1168
article_backup7_6321,gpt-4.1,15.0,9.0,17.0,14.0,11.0,Lean Right,Right,Right,Right,Right,10,0.1,0.0,Right,Right,crime_justice,1168
article_backup7_64099,claude-sonnet-4-5,7.0,7.0,11.0,10.0,8.0,Lean Left,Lean Left,Lean Left,Lean Left,Lean Left,10,0.0,0.0,Lean Left,Left,foreign_defense,1080
article_backup7_64099,gpt-4.1,8.0,8.0,14.0,16.0,8.0,Lean Left,Lean Left,Lean Left,Lean Left,Lean Left,10,0.0,0.0,Lean Left,Left,foreign_defense,1080
article_backup7_72067,claude-sonnet-4-5,9.0,6.0,4.0,9.0,10.0,Right,Right,Right,Right,Right,10,0.3,0.0,Right,Right,foreign_defense,765
article_backup7_72067,gpt-4.1,8.0,5.0,0.0,7.0,7.0,Right,Right,Right,Right,Right,10,0.0,0.0,Right,Right,foreign_defense,765
article_backup7_79597,claude-sonnet-4-5,9.0,6.0,3.0,5.0,8.0,Center,Center,Center,Center,Center,10,0.0,0.0,Lean Left,Left,foreign_defense,1191
article_backup7_79597,gpt-4.1,6.0,6.0,3.0,5.0,5.0,Center,Center,Center,Center,Center,10,0.0,0.0,Lean Left,Left,foreign_defense,1191
article_backup7_821,claude-sonnet-4-5,15.0,15.0,16.0,18.0,24.0,Right,Right,Right,Right,Right,10,0.1,0.0,Right,Right,foreign_defense,798
article_backup7_821,gpt-4.1,20.0,14.0,16.0,15.0,10.0,Right,Right,Right,Right,Right,10,0.0,0.0,Right,Right,foreign_defense,798
article_backup7_8351,claude-sonnet-4-5,8.0,6.0,11.0,12.0,10.0,Left,Left,Left,Left,Left,10,0.0,0.1,Left,Left,health_education,978
article_backup7_8351,gpt-4.1,9.0,6.0,11.0,8.0,7.0,Left,Left,Left,Left,Left,10,0.0,0.0,Left,Left,health_education,978
article_backup7_93793,claude-sonnet-4-5,5.0,3.0,0.0,5.0,5.0,Center,Lean Left,Center,Center,Center,10,0.0,0.2,Lean Left,Left,health_education,732
article_backup7_93793,gpt-4.1,4.0,3.0,0.0,4.0,3.0,Lean Left,Lean Left,Center,Center,Lean Left,10,0.0,0.0,Lean Left,Left,health_education,732
article_backup7_946,claude-sonnet-4-5,10.0,7.0,9.0,10.0,11.0,Left,Left,Left,Left,Left,10,0.0,0.0,Left,Left,economy,1156
article_backup7_946,gpt-4.1,8.0,5.0,5.0,10.0,9.0,Left,Left,Left,Left,Left,10,0.1,0.0,Left,Left,economy,1156
article_backup7_96330,claude-sonnet-4-5,7.0,7.0,8.0,11.0,9.0,Left,Left,Left,Left,Left,10,0.0,0.0,Left,Left,crime_justice,602
article_backup7_96330,gpt-4.1,8.0,6.0,10.0,9.0,8.0,Left,Left,Left,Left,Left,10,0.0,0.0,Left,Left,crime_justice,602
article_backup7_9752,claude-sonnet-4-5,0.0,0.0,0.0,6.0,5.0,Center,Center,Center,Center,Center,10,0.0,0.0,Lean Left,Left,elections_governance,624
article_backup7_9752,gpt-4.1,4.0,3.0,3.0,5.0,4.0,Center,Center,Center,Center,Center,10,0.0,0.0,Lean Left,Left,elections_governance,624
article_backup7_98512,claude-sonnet-4-5,6.0,5.0,5.0,8.0,7.0,Left,Left,Left,Left,Lean Left,10,0.0,0.2,Lean Right,Right,social_culture_rights,691
article_backup7_98512,gpt-4.1,3.0,4.0,2.0,5.0,6.0,Left,Left,Left,Lean Left,Left,10,0.1,0.0,Lean Right,Right,social_culture_rights,691
article_backup7_99156,claude-sonnet-4-5,6.0,6.0,0.0,7.0,5.0,Left,Left,Left,Left,Left,10,0.0,0.1,Left,Left,economy,516
article_backup7_99156,gpt-4.1,5.0,3.0,0.0,6.0,5.0,Lean Left,Left,Lean Left,Left,Left,10,0.0,0.0,Left,Left,economy,516
